zip,x,y,city,case,death
35004,406.9118708,365.6539094,MOODY,16034,339
35005,305.0011833,372.0657359,ADAMSVILLE,114709,1924
35006,261.8465667,407.454503,ADGER,114709,1924
35007,342.7678375,468.9970514,ALABASTER,37575,350
35010,536.5157417,535.3518715,ALEXANDER CITY,7079,198
35013,410.3528583,285.3690018,ALLGOOD,10179,176
35014,452.532225,415.9421224,ALPINE,13827,283
35016,426.7752458,166.5128479,ARAB,18338,304
35019,358.7474458,198.8678025,BAILEYTON,15406,293
35020,324.3217083,406.4594427,BESSEMER,114709,1924
35022,308.7024333,428.8494321,BESSEMER,114709,1924
35023,313.3172458,397.0387495,BESSEMER,114709,1924
35031,388.7401042,242.7537641,BLOUNTSVILLE,10179,176
35032,432.02965,453.0037699,BON AIR,13827,283
35033,301.7622958,276.3673477,BREMEN,15406,293
35034,259.3399,520.379352,BRENT,4246,86
35035,310.3725,513.5464706,BRIERFIELD,4246,86
35036,318.9104417,357.4049129,BROOKSIDE,114709,1924
35040,356.2924792,482.7507545,CALERA,37575,350
35042,275.2172833,530.777467,CENTREVILLE,4246,86
35043,369.8024333,442.5839848,CHELSEA,37575,350
35044,427.0210167,455.7757774,CHILDERSBURG,13827,283
35045,370.4786458,553.8588834,CLANTON,6633,162
35046,371.2510125,546.3668281,CLANTON,6633,162
35049,388.6960417,271.3454306,CLEVELAND,10179,176
35051,389.6754042,459.0605598,COLUMBIANA,37575,350
35052,421.5112458,369.1878977,COOK SPRINGS,16034,339
35053,292.4333833,254.513819,CRANE HILL,15406,293
35054,439.4480125,384.2750672,CROPWELL,16034,339
35055,331.2512708,237.7691397,CULLMAN,15406,293
35057,313.3270375,243.639718,CULLMAN,15406,293
35058,351.0609875,212.899185,CULLMAN,15406,293
35060,316.3174125,376.9016934,DOCENA,114709,1924
35061,310.1641333,401.6202095,DOLOMITE,114709,1924
35062,291.7994708,332.3510144,DORA,11180,370
35063,297.1206542,309.2799291,EMPIRE,11180,370
35064,317.1109292,397.9413339,FAIRFIELD,114709,1924
35068,336.4788458,366.1084773,FULTONDALE,114709,1924
35070,351.468125,264.3008878,GARDEN CITY,15406,293
35071,332.2100708,339.7992256,GARDENDALE,114709,1924
35072,482.8417417,502.9359383,GOODWATER,1800,40
35073,341.3351208,351.5426499,GRAYSVILLE,114709,1924
35074,279.38305,466.6597056,GREEN POND,4246,86
35077,333.4900375,257.1187652,HANCEVILLE,15406,293
35078,408.3888458,467.5207136,HARPERSVILLE,37575,350
35079,352.3456542,277.5098149,HAYDEN,10179,176
35080,321.6965625,450.62132,HELENA,37575,350
35082,471.1861333,488.4462082,HOLLINS,2430,68
35083,343.3731583,227.4173886,HOLLY POND,15406,293
35085,354.563075,525.2785559,JEMISON,6633,162
35087,385.5088542,197.0822879,JOPPA,15406,293
35089,479.5723042,534.2887773,KELLYTON,1800,40
35091,341.5544542,323.7285868,KIMBERLY,114709,1924
35094,383.8742333,387.1382907,LEEDS,114709,1924
35096,448.2773542,405.3963485,LINCOLN,13827,283
35097,375.7232583,289.6997439,LOCUST FORK,10179,176
35098,297.2998417,231.0637591,LOGAN,15406,293
35111,292.9274708,442.2145854,MC CALLA,114709,1924
35112,407.1455,342.4036679,MARGARET,16034,339
35114,354.6316167,432.5860106,MAYLENE,37575,350
35115,325.2977417,483.2985542,MONTEVALLO,37575,350
35116,348.7231292,334.5187792,MORRIS,114709,1924
35117,326.9437208,357.142352,MOUNT OLIVE,114709,1924
35118,292.5064292,382.587824,MULGA,114709,1924
35119,347.6008083,353.7381323,NEW CASTLE,114709,1924
35120,423.2586667,352.1597435,ODENVILLE,16034,339
35121,389.9395833,273.7757562,ONEONTA,10179,176
35124,347.9409708,443.8642839,PELHAM,37575,350
35125,434.4926458,368.4405316,PELL CITY,16034,339
35126,372.0049708,333.8197929,PINSON,114709,1924
35127,325.1767167,379.3627604,PLEASANT GROVE,114709,1924
35128,432.4144625,369.7470364,PELL CITY,16034,339
35130,278.1463625,335.8522456,QUINTON,11180,370
35131,449.8724167,337.5115193,RAGLAND,16034,339
35133,383.4332167,304.5989379,REMLAP,10179,176
35135,454.9388208,360.9832493,RIVERSIDE,16034,339
35136,467.7700167,543.6656263,ROCKFORD,1800,40
35139,307.2282,338.5529435,SAYRE,114709,1924
35143,390.5482333,497.5277393,SHELBY,37575,350
35146,419.3729417,339.8695274,SPRINGVILLE,16034,339
35147,391.716575,412.13751,STERRETT,37575,350
35148,293.4720833,326.8057395,SUMITON,11180,370
35149,458.2021875,448.999843,SYCAMORE,13827,283
35150,453.5456625,438.1075996,SYLACAUGA,13827,283
35151,428.3505292,473.4981305,SYLACAUGA,13827,283
35160,469.9999708,420.1234417,TALLADEGA,13827,283
35171,350.2112667,544.655647,THORSBY,6633,162
35172,356.3825625,313.5862293,TRAFFORD,114709,1924
35173,383.5965417,354.8715283,TRUSSVILLE,114709,1924
35175,400.1546417,156.4007277,UNION GROVE,18338,304
35176,398.4638167,400.7513901,VANDIVER,37575,350
35178,388.4120833,439.7124461,VINCENT,37575,350
35179,317.0952625,200.5570615,VINEMONT,15406,293
35180,335.8169292,318.6371239,WARRIOR,114709,1924
35183,438.9169125,500.6819971,WEOGUFKA,1800,40
35184,274.7960458,492.0036305,WEST BLOCTON,4246,86
35186,401.0732958,445.7596608,WILSONVILLE,37575,350
35187,326.1316,497.3130542,WILTON,37575,350
35188,270.0043958,472.392452,WOODSTOCK,4246,86
35203,340.1217375,386.9054632,BIRMINGHAM,114709,1924
35204,334.244975,385.5823279,BIRMINGHAM,114709,1924
35205,345.0773,374.2576906,BIRMINGHAM,114709,1924
35206,360.2332333,375.0793902,BIRMINGHAM,114709,1924
35207,334.3540542,373.4569052,BIRMINGHAM,114709,1924
35208,326.0115542,392.2345412,BIRMINGHAM,114709,1924
35209,340.0582875,400.4790021,BIRMINGHAM,114709,1924
35210,354.4019042,371.6716427,BIRMINGHAM,114709,1924
35211,328.9553208,402.5366527,BIRMINGHAM,114709,1924
35212,351.5488083,379.6991507,BIRMINGHAM,114709,1924
35213,351.5390167,402.9806375,BIRMINGHAM,114709,1924
35214,320.9359458,372.8103303,BIRMINGHAM,114709,1924
35215,340.4838333,381.147519,BIRMINGHAM,114709,1924
35216,345.3209167,376.5905009,BIRMINGHAM,114709,1924
35217,330.5917042,376.4342747,BIRMINGHAM,114709,1924
35218,323.0250958,390.1557246,BIRMINGHAM,114709,1924
35221,322.4082208,403.3840539,BIRMINGHAM,114709,1924
35222,348.7581833,385.8975521,BIRMINGHAM,114709,1924
35223,355.994225,391.8671576,BIRMINGHAM,114709,1924
35224,307.4477292,386.3382612,BIRMINGHAM,114709,1924
35226,334.8980792,417.7679534,BIRMINGHAM,114709,1924
35228,319.7644708,402.8800984,BIRMINGHAM,114709,1924
35229,343.5488208,401.103907,BIRMINGHAM,114709,1924
35233,341.2086125,389.6769668,BIRMINGHAM,114709,1924
35234,335.3138333,388.3414846,BIRMINGHAM,114709,1924
35235,371.1801208,358.2777639,BIRMINGHAM,114709,1924
35242,360.3548458,421.6443795,BIRMINGHAM,37575,350
35243,351.4185792,405.3683789,BIRMINGHAM,114709,1924
35244,312.3339667,429.0512663,BIRMINGHAM,114709,1924
35254,316.3634333,380.500692,BIRMINGHAM,114709,1924
35401,185.4701958,456.7801609,TUSCALOOSA,35073,612
35404,207.9626333,471.7315143,TUSCALOOSA,35073,612
35405,201.0301333,491.510006,TUSCALOOSA,35073,612
35406,198.0238958,433.170599,TUSCALOOSA,35073,612
35441,161.1341833,554.1826748,AKRON,3111,88
35442,94.6195875,458.0241752,ALICEVILLE,3156,84
35443,112.9873833,583.911265,BOLIGEE,1266,44
35444,248.093975,433.7897084,BROOKWOOD,35073,612
35446,154.6981208,459.6353211,BUHL,35073,612
35447,83.7320375,444.7399067,CARROLLTON,3156,84
35452,167.6121542,443.8136364,COKER,35073,612
35453,227.3307458,471.9288129,COTTONDALE,35073,612
35456,217.7196375,499.4057297,DUNCANVILLE,35073,612
35457,150.4189667,443.6508588,ECHOLA,35073,612
35458,145.5025708,425.0667417,ELROD,35073,612
35459,50.67165,613.1905788,EMELLE,1329,38
35460,83.0481875,600.3696975,EPES,1329,38
35461,65.68345,413.5967133,ETHELSVILLE,3156,84
35462,127.6177,558.9825995,EUTAW,1266,44
35463,165.9048792,496.4822835,FOSTERS,35073,612
35464,78.1308125,573.6033581,GAINESVILLE,1329,38
35466,130.9823125,444.4791097,GORDO,3156,84
35469,115.1102167,559.135298,KNOXVILLE,1266,44
35470,80.557775,625.7229456,LIVINGSTON,1329,38
35473,197.3077333,430.1612284,NORTHPORT,35073,612
35474,186.270175,540.2208381,MOUNDVILLE,3111,88
35475,192.8540917,417.1337253,NORTHPORT,35073,612
35476,197.1404917,427.9027516,NORTHPORT,35073,612
35477,60.17818333,549.8360582,PANOLA,1329,38
35480,153.1980375,485.6296006,RALPH,35073,612
35481,98.2609125,438.3784757,REFORM,3156,84
35490,258.2726083,460.7528425,VANCE,35073,612
35501,240.4359125,317.1000594,JASPER,11180,370
35503,242.303575,287.1278067,JASPER,11180,370
35504,256.3863417,311.53765,JASPER,11180,370
35540,232.2863083,207.8266204,ADDISON,4507,103
35541,265.6369208,241.7307343,ARLEY,4507,103
35542,150.9020875,338.1550706,BANKSTON,2923,80
35543,157.6632333,224.1968607,BEAR CREEK,4995,127
35544,102.9495542,278.3012771,BEAVERTON,2233,47
35545,121.5750667,355.1502157,BELK,2923,80
35546,169.9478583,357.8614966,BERRY,2923,80
35548,154.3187917,256.1486508,BRILLIANT,4995,127
35549,213.3065333,323.0311124,CARBON HILL,11180,370
35550,258.3113833,331.028887,CORDOVA,11180,370
35552,76.6456125,259.3742183,DETROIT,2233,47
35553,231.9144208,235.1762884,DOUBLE SPRINGS,4507,103
35554,182.3546833,283.756848,ELDRIDGE,11180,370
35555,143.8930167,336.2967344,FAYETTE,2923,80
35559,166.1214708,293.5824695,GLEN ALLEN,2923,80
35563,143.1292667,245.8742569,GUIN,4995,127
35564,140.3037833,234.8847501,HACKLEBURG,4995,127
35565,203.5467875,220.508158,HALEYVILLE,4507,103
35570,107.7147667,223.5283636,HAMILTON,4995,127
35571,117.0622833,171.6690692,HODGES,5959,105
35572,247.9408333,218.1884506,HOUSTON,4507,103
35574,107.690875,362.6893908,KENNEDY,2233,47
35575,194.2734917,253.2647651,LYNN,4507,103
35576,80.92927083,364.9486236,MILLPORT,2233,47
35577,184.8403958,242.2185633,NATURAL BRIDGE,4507,103
35578,210.5313792,294.5997038,NAUVOO,11180,370
35579,228.7013833,350.1910411,OAKMAN,11180,370
35580,244.0239708,337.9854895,PARRISH,11180,370
35581,134.2024,167.2531586,PHIL CAMPBELL,5959,105
35582,93.39073333,151.4916966,RED BAY,5959,105
35584,287.244975,311.0752708,SIPSEY,11180,370
35585,143.0015833,158.7728465,SPRUCE PINE,5959,105
35586,85.777125,302.4878681,SULLIGENT,2233,47
35587,216.2064333,317.8338187,TOWNLEY,11180,370
35592,89.8232375,333.2135344,VERNON,2233,47
35593,115.5152,163.8791762,VINA,5959,105
35594,143.0763917,250.1329333,WINFIELD,4995,127
35601,303.3712625,127.2098581,DECATUR,20910,378
35603,309.2445,130.1108782,DECATUR,20910,378
35610,248.9640625,28.29472151,ANDERSON,14270,295
35611,282.2336,72.99860302,ATHENS,15328,199
35613,324.6920292,56.18462987,ATHENS,15328,199
35614,290.6137,52.23865787,ATHENS,15328,199
35615,296.5311958,70.49621171,BELLE MINA,15328,199
35616,125.028,80.83763169,CHEROKEE,8840,201
35618,245.78275,95.93412431,COURTLAND,4309,117
35619,291.8954292,149.9997362,DANVILLE,20910,378
35620,307.8748417,38.9773194,ELKMONT,15328,199
35621,354.1197083,173.1466668,EVA,20910,378
35622,322.2511625,174.56253,FALKVILLE,20910,378
35630,167.9791458,46.63542802,FLORENCE,14270,295
35633,157.120775,43.8372148,FLORENCE,14270,295
35634,146.8916167,38.86317347,FLORENCE,14270,295
35640,315.2849792,141.8817681,HARTSELLE,20910,378
35643,250.0419292,105.6340089,HILLSBORO,4309,117
35645,204.3189583,37.031547,KILLEN,14270,295
35646,197.9269583,95.10788918,LEIGHTON,8840,201
35647,282.8032792,23.94583704,LESTER,15328,199
35648,230.8909958,27.86913104,LEXINGTON,14270,295
35649,327.0494708,108.0484599,MOORESVILLE,15328,199
35650,243.8908042,141.5572208,MOULTON,4309,117
35651,209.1049292,144.9926858,MOUNT HOPE,4309,117
35652,239.554075,52.8675944,ROGERSVILLE,14270,295
35653,135.1161583,153.6498863,RUSSELLVILLE,5959,105
35654,175.6466083,147.9509049,RUSSELLVILLE,5959,105
35660,163.4477583,91.59733478,SHEFFIELD,8840,201
35661,165.4088333,74.62108793,MUSCLE SHOALS,8840,201
35670,355.4265042,155.8287381,SOMERVILLE,20910,378
35671,309.8400292,94.50289053,TANNER,15328,199
35672,220.5126125,106.1903758,TOWN CREEK,4309,117
35673,287.0495333,116.7376616,TRINITY,20910,378
35674,155.7754,97.92827644,TUSCUMBIA,8840,201
35677,108.4013583,32.59774602,WATERLOO,14270,295
35739,332.9996708,23.4292826,ARDMORE,15328,199
35740,536.8216333,64.17761696,BRIDGEPORT,9860,184
35741,405.2292708,84.50718407,BROWNSBORO,52231,697
35744,515.7417417,113.7247633,DUTTON,9860,184
35745,461.0404,32.59673811,ESTILLFORK,9860,184
35746,502.2069167,75.90793844,FACKLER,9860,184
35747,441.5463667,160.3104149,GRANT,18338,304
35748,419.3087083,83.64189238,GURLEY,52231,697
35749,360.5941542,56.67245884,HARVEST,52231,697
35750,384.5512292,29.61911671,HAZEL GREEN,52231,697
35751,444.6187958,65.30975311,HOLLYTREE,9860,184
35752,520.32855,62.29786273,HOLLYWOOD,9860,184
35754,375.961,138.3959076,LACEYS SPRING,20910,378
35755,494.3698625,80.90843744,LANGSTON,9860,184
35756,350.6293708,101.6149633,MADISON,52231,697
35757,352.6014125,69.65485791,MADISON,52231,697
35758,352.9313917,86.64597144,MADISON,52231,697
35759,389.524025,43.54643244,MERIDIANVILLE,52231,697
35760,422.9249667,124.3657849,NEW HOPE,52231,697
35761,409.8084417,40.65574338,NEW MARKET,52231,697
35763,407.3808917,83.28307602,OWENS CROSS ROADS,52231,697
35764,438.2528417,88.59930318,PAINT ROCK,9860,184
35765,495.0631125,97.09952153,PISGAH,9860,184
35766,449.1253125,46.20001042,PRINCETON,9860,184
35768,470.4954292,76.58979031,SCOTTSBORO,9860,184
35769,487.3349417,110.0456358,SCOTTSBORO,9860,184
35771,506.4888125,96.54340658,SECTION,9860,184
35772,523.5337542,50.00386696,STEVENSON,9860,184
35773,364.9504667,37.84367138,TONEY,52231,697
35774,483.8831833,84.94864913,TRENTON,9860,184
35775,363.7692,129.1873797,VALHERMOSO SPRINGS,20910,378
35776,483.4270875,77.67304278,WOODVILLE,9860,184
35801,389.3640292,84.72766462,HUNTSVILLE,52231,697
35802,388.5476,99.23200947,HUNTSVILLE,52231,697
35803,393.2190083,117.9983064,HUNTSVILLE,52231,697
35805,375.1808,88.78475882,HUNTSVILLE,52231,697
35806,363.7970083,73.78880533,HUNTSVILLE,52231,697
35808,378.4545458,95.00860993,HUNTSVILLE,52231,697
35810,382.0899958,64.75666189,HUNTSVILLE,52231,697
35811,397.8410667,66.31590038,HUNTSVILLE,52231,697
35816,375.2240792,75.99663462,HUNTSVILLE,52231,697
35824,351.0090917,103.0779463,HUNTSVILLE,52231,697
35896,395.9295375,80.81293787,HUNTSVILLE,52231,697
35901,483.8132708,259.6362752,GADSDEN,19816,500
35903,516.4150167,269.6493682,GADSDEN,19816,500
35904,477.2089875,251.281952,GADSDEN,19816,500
35905,506.6380375,282.0761562,GADSDEN,19816,500
35906,481.6536208,257.2477779,RAINBOW CITY,19816,500
35907,503.5869542,275.9236148,GADSDEN,19816,500
35950,450.9352042,186.5612078,ALBERTVILLE,18338,304
35951,460.4339042,184.5345505,ALBERTVILLE,18338,304
35952,457.2868625,247.8726927,ALTOONA,19816,500
35953,455.8602167,319.8871856,ASHVILLE,16034,339
35954,486.3097542,252.6910117,ATTALLA,19816,500
35956,465.8208875,198.4774889,BOAZ,18338,304
35957,453.4694833,195.0160702,BOAZ,18338,304
35958,567.0238333,34.5392348,BRYANT,9860,184
35959,574.3572042,175.2773909,CEDAR BLUFF,3023,60
35960,578.5823083,237.8215511,CENTRE,3023,60
35966,553.1186875,63.39598189,FLAT ROCK,9860,184
35972,454.3350667,265.1684473,GALLANT,19816,500
35973,585.0273792,171.5849086,GAYLESVILLE,3023,60
35976,444.4439167,178.8607669,GUNTERSVILLE,18338,304
35979,572.8318583,54.32503387,HIGDON,9860,184
35980,430.9790042,212.865924,HORTON,18338,304
35983,547.6798083,229.4674798,LEESBURG,3023,60
35987,450.6297042,286.7256502,STEELE,16034,339
35990,444.394175,251.4890777,WALNUT GROVE,19816,500
36003,356.9980667,656.2384624,AUTAUGAVILLE,9967,148
36005,512.327975,810.2465242,BANKS,4791,106
36006,359.0034,624.4693562,BILLINGSLEY,9967,148
36009,434.1977208,880.5453005,BRANTLEY,2448,75
36010,534.3155542,841.9211388,BRUNDIDGE,4791,106
36013,461.8824833,691.4407659,CECIL,34092,740
36016,611.6622792,818.7656409,CLAYTON,3575,76
36017,584.1193,832.9217525,CLIO,3575,76
36020,433.2686875,642.3048472,COOSADA,15186,286
36022,428.14275,614.9073034,DEATSVILLE,15186,286
36024,491.1797375,607.1405924,ECLECTIC,15186,286
36025,471.9833708,610.2207688,ELMORE,15186,286
36026,474.52,574.3728982,EQUALITY,1800,40
36027,617.7977375,791.1934766,EUFAULA,3575,76
36028,428.9368542,891.02808,DOZIER,2448,75
36029,556.1729042,746.3255575,FITZPATRICK,1516,44
36030,334.3795125,807.4730048,FOREST HOME,3258,96
36031,546.8183375,706.5526291,FORT DAVIS,2341,63
36032,379.2200583,766.4731967,FORT DEPOSIT,1747,64
36033,374.0097167,864.2869384,GEORGIANA,3258,96
36034,465.4867958,867.6793152,GLENWOOD,2448,75
36035,480.1985792,817.5107916,GOSHEN,4791,106
36036,465.6591292,766.763727,GRADY,34092,740
36037,381.5710375,820.930886,GREENVILLE,3258,96
36038,411.2202042,955.9524223,GANTT,6706,183
36039,534.8529208,695.6601338,HARDAWAY,2341,63
36040,381.3900875,731.3605973,HAYNEVILLE,1747,64
36041,438.3597667,783.3710784,HIGHLAND HOME,2448,75
36042,418.941325,802.1320839,HONORAVILLE,2448,75
36043,423.8258,717.6925667,HOPE HULL,34092,740
36046,428.4392417,749.1978522,LAPINE,34092,740
36047,398.3935125,751.4134928,LETOHATCHEE,1747,64
36048,586.2421333,823.7404382,LOUISVILLE,3575,76
36049,441.2293125,831.532599,LUVERNE,2448,75
36051,397.2003,618.0691206,MARBURY,9967,148
36052,491.2140083,709.4390346,MATHEWS,34092,740
36053,556.1729042,746.3255575,MIDWAY,1516,44
36054,454.1529417,622.3754208,MILLBROOK,15186,286
36064,480.201125,695.1025069,PIKE ROAD,34092,740
36066,411.9945292,641.4065464,PRATTVILLE,9967,148
36067,369.4070458,633.4813414,PRATTVILLE,9967,148
36069,464.1371125,747.204204,RAMER,34092,740
36071,425.5834042,843.7535212,RUTLEDGE,2448,75
36075,515.9342458,672.9670151,SHORTER,2341,63
36078,501.2555583,619.7855932,TALLASSEE,15186,286
36079,507.1491625,819.4046566,TROY,4791,106
36080,447.8858833,593.2276394,TITUS,15186,286
36081,504.9391833,802.6879468,TROY,4791,106
36082,505.2437042,815.9555848,TROY,4791,106
36083,563.602625,675.939093,TUSKEGEE,2341,63
36088,552.1385417,665.2660702,TUSKEGEE INSTITUTE,2341,63
36089,548.778825,733.8821389,UNION SPRINGS,1516,44
36091,372.1994333,574.1632527,VERBENA,6633,162
36092,456.1696333,620.3742133,WETUMPKA,15186,286
36093,478.8731792,628.054496,WETUMPKA,15186,286
36104,441.7018583,675.5248415,MONTGOMERY,34092,740
36105,441.4269083,712.869964,MONTGOMERY,34092,740
36106,447.9029208,680.6777871,MONTGOMERY,34092,740
36107,443.3593917,673.8116446,MONTGOMERY,34092,740
36108,425.1269167,683.865306,MONTGOMERY,34092,740
36109,451.3985458,671.3019459,MONTGOMERY,34092,740
36110,448.7234625,658.4946714,MONTGOMERY,34092,740
36111,445.9837542,683.4243448,MONTGOMERY,34092,740
36112,430.6300292,675.3991046,MONTGOMERY,34092,740
36113,438.82585,672.8037335,MONTGOMERY,34092,740
36115,449.8808375,667.0082446,MONTGOMERY,34092,740
36116,453.5335208,697.7712036,MONTGOMERY,34092,740
36117,475.5214917,676.4672384,MONTGOMERY,34092,740
36201,539.0024333,326.2886811,ANNISTON,22221,488
36203,518.0347542,334.8206486,ANNISTON,22221,488
36205,538.8205042,332.3175014,ANNISTON,22221,488
36206,545.3427333,314.4419458,ANNISTON,22221,488
36207,546.6368,336.2153456,ANNISTON,22221,488
36250,517.0440333,320.9737138,ALEXANDRIA,22221,488
36251,528.2024208,458.6347173,ASHLAND,2430,68
36255,548.2680917,468.9406084,CRAGFORD,2430,68
36256,557.7900958,512.0031067,DAVISTON,7079,198
36258,554.9211375,412.2771056,DELTA,2430,68
36260,499.9483708,356.4438696,EASTABOGA,22221,488
36262,603.4739,321.3582319,FRUITHURST,2474,60
36263,621.8714625,402.7538575,GRAHAM,3298,64
36264,595.854025,359.7014384,HEFLIN,2474,60
36265,545.6672292,302.6382988,JACKSONVILLE,22221,488
36266,539.6075583,432.0288877,LINEVILLE,2430,68
36267,509.7402333,472.1707116,MILLERVILLE,2430,68
36268,513.8327583,395.2260214,MUNFORD,13827,283
36269,616.9695583,334.0032327,MUSCADINE,2474,60
36271,516.8252875,314.3330914,OHATCHEE,22221,488
36272,538.4288375,309.2650624,PIEDMONT,22221,488
36273,619.356375,375.1937881,RANBURNE,2474,60
36274,614.7157125,463.0854008,ROANOKE,3298,64
36276,599.9919833,465.4282902,WADLEY,3298,64
36277,530.5101208,312.603264,WEAVER,22221,488
36278,596.5678375,437.5910452,WEDOWEE,3298,64
36279,523.6017083,299.4747178,WELLINGTON,22221,488
36280,621.2193375,429.1313952,WOODLAND,3298,64
36301,621.3470208,984.3649325,DOTHAN,17360,412
36303,630.9156333,981.3351517,DOTHAN,17360,412
36305,599.6183333,966.330127,DOTHAN,17360,412
36310,650.5026875,880.732016,ABBEVILLE,3119,66
36311,570.0265458,906.9167908,ARITON,8884,185
36312,642.7968417,973.9070988,ASHFORD,17360,412
36313,534.8196292,983.8685363,BELLWOOD,4568,127
36314,529.7959167,997.4098221,BLACK,4568,127
36316,534.8595792,977.1520686,CHANCELLOR,4568,127
36317,575.989475,918.9142087,CLOPTON,8884,185
36318,508.8901208,983.951689,COFFEE SPRINGS,4568,127
36319,660.5078125,964.958612,COLUMBIA,17360,412
36320,632.6172292,996.5861067,COTTONWOOD,17360,412
36321,635.1477875,970.6701923,COWARTS,17360,412
36322,556.0789042,953.0463626,DALEVILLE,8884,185
36323,481.9779208,919.024575,ELBA,9205,191
36330,509.50445,942.1027157,ENTERPRISE,9205,191
36340,540.5563708,1008.214881,GENEVA,4568,127
36343,661.2656875,1001.436427,GORDON,17360,412
36344,558.9923167,995.0240965,HARTFORD,4568,127
36345,635.1738333,931.5017586,HEADLAND,3119,66
36346,504.0211167,879.2818839,JACK,9205,191
36350,594.0310125,937.291452,MIDLAND CITY,8884,185
36351,512.4464542,921.3205965,NEW BROCKTON,9205,191
36352,565.0500292,932.766687,NEWTON,8884,185
36353,622.3992333,918.0985566,NEWVILLE,3119,66
36360,566.5185833,908.2558007,OZARK,8884,185
36362,549.6786792,939.2047193,FORT RUCKER,8884,185
36370,663.3532708,986.3338869,PANSEY,17360,412
36371,591.0937083,944.219329,PINCKARD,8884,185
36373,671.9384083,895.4374392,SHORTERVILLE,3119,66
36374,589.0125875,876.8573538,SKIPPERVILLE,8884,185
36375,583.6171833,987.1331604,SLOCOMB,4568,127
36376,642.3908792,958.1133837,WEBB,17360,412
36401,292.3158833,898.4110289,EVERGREEN,1859,53
36420,422.663725,945.0458161,ANDALUSIA,6706,183
36425,253.5361833,878.6184264,BEATRICE,3314,64
36426,283.675325,989.076161,BREWTON,6766,134
36432,302.8713,928.22,CASTLEBERRY,1859,53
36435,221.6417875,802.0139063,COY,1687,39
36436,137.8286458,873.4201249,DICKINSON,4754,84
36439,236.0480708,913.4714887,EXCEL,3314,64
36441,263.3446917,1006.566947,FLOMATON,6766,134
36442,433.7929333,1016.73677,FLORALA,6706,183
36444,214.7793958,872.9141535,FRANKLIN,3314,64
36445,227.7842958,890.155229,FRISCO CITY,3314,64
36446,157.3708542,824.4812529,FULTON,4754,84
36451,145.5773792,844.0563985,GROVE HILL,4754,84
36453,474.0454958,961.4805627,KINSTON,9205,191
36454,293.7487958,904.0291254,LENOX,1859,53
36455,411.2202042,955.9524223,LOCKHART,6706,183
36456,358.5488708,883.9243225,MC KENZIE,3258,96
36460,240.9648583,878.7847318,MONROEVILLE,3314,64
36467,428.5759333,956.0736236,OPP,6706,183
36470,218.5993208,893.6657834,PERDUE HILL,3314,64
36471,259.5263333,868.9240854,PETERMAN,3314,64
36473,293.7487958,904.0291254,RANGE,1859,53
36474,411.2202042,955.9524223,RED LEVEL,6706,183
36475,244.0678375,928.1610372,REPTON,1859,53
36476,411.2202042,955.9524223,RIVER FALLS,6706,183
36477,476.0774625,1003.594365,SAMSON,4568,127
36480,204.5371167,885.1701006,URIAH,3314,64
36481,240.5438167,817.9754386,VREDENBURGH,3314,64
36482,170.1393833,851.7349173,WHATLEY,4754,84
36483,375.0893458,1016.077848,WING,6706,183
36502,210.4581375,991.4586109,ATMORE,6766,134
36505,103.5591833,1036.966806,AXIS,72497,1339
36507,154.3773458,1081.283649,BAY MINETTE,37224,552
36509,56.9949125,1168.086466,BAYOU LA BATRE,72497,1339
36511,154.9382125,1156.371767,BON SECOUR,37224,552
36512,71.81322917,1107.647328,BUCKS,72497,1339
36513,72.23015833,919.2138103,CALVERT,2513,51
36518,58.6164125,911.6547289,CHATOM,2513,51
36521,71.04047083,1039.542018,CHUNCHULA,72497,1339
36522,53.109775,1072.462159,CITRONELLE,72497,1339
36523,66.01440833,1175.319488,CODEN,72497,1339
36524,94.5514375,816.0130357,COFFEEVILLE,4754,84
36525,88.8644375,1035.644426,CREOLA,72497,1339
36526,167.14,1137.516018,DAPHNE,37224,552
36527,126.1937958,1087.759478,SPANISH FORT,37224,552
36528,80.24875,1209.445846,DAUPHIN ISLAND,72497,1339
36529,72.23015833,919.2138103,DEER PARK,2513,51
36530,194.9794708,1169.657043,ELBERTA,37224,552
36532,143.7841333,1131.832659,FAIRHOPE,37224,552
36535,166.9048042,1155.839842,FOLEY,37224,552
36538,72.23015833,919.2138103,FRANKVILLE,2513,51
36539,72.23015833,919.2138103,FRUITDALE,2513,51
36540,137.8286458,873.4201249,GAINESTOWN,4754,84
36541,41.55835,1148.170142,GRAND BAY,72497,1339
36542,146.9601583,1201.869127,GULF SHORES,37224,552
36543,212.1156708,967.2284278,HUXFORD,6766,134
36544,61.06824583,1152.933782,IRVINGTON,72497,1339
36545,126.5361125,872.2698463,JACKSON,4754,84
36548,72.23015833,919.2138103,LEROY,2513,51
36549,212.65245,1173.540777,LILLIAN,37224,552
36550,162.7977875,963.9960569,LITTLE RIVER,37224,552
36551,171.7608833,1144.27129,LOXLEY,37224,552
36553,91.927075,968.9806813,MC INTOSH,2513,51
36555,146.6145125,1165.910638,MAGNOLIA SPRINGS,37224,552
36556,72.23015833,919.2138103,MALCOLM,2513,51
36558,49.06738333,882.3441699,MILLRY,2513,51
36559,126.1432708,1131.977546,MONTROSE,37224,552
36560,95.4644125,1001.451798,MOUNT VERNON,72497,1339
36561,188.6313375,1202.84932,ORANGE BEACH,37224,552
36562,171.9381125,1011.537712,PERDIDO,37224,552
36564,122.7510458,1153.736583,POINT CLEAR,37224,552
36567,189.4589292,1084.704751,ROBERTSDALE,37224,552
36568,53.81810417,1149.103972,SAINT ELMO,72497,1339
36569,89.01914583,882.5059396,SAINT STEPHENS,2513,51
36571,83.47980417,1054.450032,SARALAND,72497,1339
36572,89.45702917,1126.219854,SATSUMA,72497,1339
36574,184.2360542,1143.356359,SEMINOLE,37224,552
36575,53.29346667,1077.23865,SEMMES,72497,1339
36576,158.5625,1140.857243,SILVERHILL,37224,552
36578,159.7400458,1057.338705,STAPLETON,37224,552
36579,146.1122,1001.754171,STOCKTON,37224,552
36580,164.8223125,1155.56695,SUMMERDALE,37224,552
36581,104.27045,928.5649576,SUNFLOWER,2513,51
36582,67.059375,1151.063099,THEODORE,72497,1339
36583,72.23015833,919.2138103,TIBBIE,2513,51
36584,29.6949625,967.8435056,VINEGAR BEND,2513,51
36585,72.23015833,919.2138103,WAGARVILLE,2513,51
36587,44.29629583,1068.897178,WILMER,72497,1339
36590,57.06639167,1150.713354,THEODORE,72497,1339
36602,97.52164167,1099.200025,MOBILE,72497,1339
36603,95.3527875,1099.507186,MOBILE,72497,1339
36604,93.53643333,1101.30404,MOBILE,72497,1339
36605,83.36739583,1122.015857,MOBILE,72497,1339
36606,86.065,1105.574811,MOBILE,72497,1339
36607,89.4190375,1075.077185,MOBILE,72497,1339
36608,56.836875,1112.434402,MOBILE,72497,1339
36609,70.3194125,1134.603407,MOBILE,72497,1339
36610,91.20582083,1089.496109,MOBILE,72497,1339
36611,84.95854167,1079.949427,MOBILE,72497,1339
36612,83.5581375,1085.341751,MOBILE,72497,1339
36613,68.22536667,1079.704756,EIGHT MILE,72497,1339
36615,94.47643333,1112.126233,MOBILE,72497,1339
36616,81.8632,1104.577483,MOBILE,72497,1339
36617,87.86666667,1093.354393,MOBILE,72497,1339
36618,77.48730417,1101.896187,MOBILE,72497,1339
36619,64.27012083,1157.004231,MOBILE,72497,1339
36688,72.65981667,1098.141718,MOBILE,72497,1339
36693,72.49335833,1113.474062,MOBILE,72497,1339
36695,62.21465417,1105.60782,MOBILE,72497,1339
36701,291.6249833,660.4233093,SELMA,4949,200
36703,310.3638833,651.9961645,SELMA,4949,200
36720,232.9883708,733.0322179,ALBERTA,1687,39
36722,190.918475,756.8063212,ARLINGTON,1687,39
36723,244.7575625,748.9443626,BOYKIN,1687,39
36726,233.5776333,770.1228428,CAMDEN,1687,39
36727,137.8286458,873.4201249,CAMPBELL,4754,84
36728,210.8748708,721.2124443,CATHERINE,1687,39
36732,141.02445,672.7125175,DEMOPOLIS,3378,90
36736,150.5117917,703.8728455,DIXONS MILLS,3378,90
36738,161.2977042,677.4965676,FAUNSDALE,3378,90
36740,137.192775,615.8126596,FORKLAND,1266,44
36742,170.8819833,637.6293996,GALLION,3111,88
36744,187.7261958,593.3589198,GREENSBORO,3111,88
36748,155.6549625,688.5886294,LINDEN,3378,90
36749,338.9575083,641.105937,JONES,9967,148
36750,333.0876,560.0227638,MAPLESVILLE,6633,162
36751,189.3257625,794.2101545,LOWER PEACH TREE,1687,39
36752,371.6058625,695.5487596,LOWNDESBORO,1747,64
36753,251.14075,757.5962715,MC WILLIAMS,1687,39
36754,164.2379458,737.1749845,MAGNOLIA,3378,90
36756,233.8798042,616.2579043,MARION,1383,40
36758,287.57045,647.7168259,PLANTERSVILLE,4949,200
36759,251.07025,671.8845186,MARION JUNCTION,4949,200
36761,290.0976792,721.8539797,MINTER,4949,200
36763,116.5830792,706.3069508,MYRTLEWOOD,3378,90
36765,191.609375,621.500302,NEWBERN,3111,88
36766,287.9110042,783.0646734,OAK HILL,1687,39
36767,259.4433,696.6725805,ORRVILLE,4949,200
36768,293.7158958,786.7130597,PINE APPLE,1687,39
36769,195.691325,771.0196317,PINE HILL,1687,39
36773,228.779325,688.3578178,SAFFORD,4949,200
36775,287.0967292,715.7936622,SARDIS,4949,200
36776,164.2751542,579.2222106,SAWYERVILLE,3111,88
36782,139.4374167,736.5838446,SWEET WATER,3378,90
36783,169.60515,693.513787,THOMASTON,3378,90
36784,151.81095,833.9314274,THOMASVILLE,4754,84
36785,329.01975,688.0967688,TYLER,4949,200
36786,203.9457,657.2677916,UNIONTOWN,1383,40
36790,326.8305292,587.3958657,STANTON,6633,162
36792,318.655075,535.0459705,RANDOLPH,4246,86
36793,305.7537708,545.087033,LAWLEY,4246,86
36801,617.2280583,613.1958704,OPELIKA,23519,246
36804,633.0698,624.3723447,OPELIKA,23519,246
36830,602.4731917,631.7426947,AUBURN,23519,246
36832,592.5462042,620.5311955,AUBURN,23519,246
36849,625.8202458,624.0213397,AUBURN UNIVERSITY,23519,246
36850,556.3438667,566.0105117,CAMP HILL,7079,198
36852,640.1987208,572.3779902,CUSSETA,5607,142
36853,548.38285,569.4401812,DADEVILLE,7079,198
36854,642.3305625,546.5517798,VALLEY,5607,142
36855,633.2188292,538.0578609,FIVE POINTS,5607,142
36856,694.7218542,694.9951644,FORT MITCHELL,6352,59
36858,636.7996417,695.1649974,HATCHECHUBBEE,6352,59
36859,692.5651417,711.7950268,HOLY TRINITY,6352,59
36860,623.210375,709.7033593,HURTSBORO,6352,59
36861,533.0375458,542.7378442,JACKSONS GAP,7079,198
36862,618.1678625,539.8280048,LAFAYETTE,5607,142
36863,636.0709458,542.887519,LANETT,5607,142
36865,625.8202458,624.0213397,LOACHAPOKA,23519,246
36866,557.6015083,634.4910163,NOTASULGA,2341,63
36867,654.2317458,675.1393155,PHENIX CITY,6352,59
36869,672.2339208,689.4055414,PHENIX CITY,6352,59
36870,669.8874458,649.2291966,PHENIX CITY,6352,59
36871,661.7415625,727.7394246,PITTSVIEW,6352,59
36874,651.6269667,623.450862,SALEM,23519,246
36875,668.7529833,704.7434287,SEALE,6352,59
36877,676.2483083,629.0283901,SMITHS,23519,246
36879,583.3340083,597.9784284,WAVERLY,23519,246
36901,79.12584167,652.0037239,BELLAMY,1329,38
36904,53.08705833,740.4970595,BUTLER,882,27
36907,42.06497083,659.9634499,CUBA,1329,38
36908,43.2814875,789.2686183,GILBERTOWN,882,27
36910,67.355475,768.646001,JACHIN,882,27
36912,43.72818333,710.9544289,LISMAN,882,27
36913,67.355475,768.646001,MELVIN,882,27
36915,67.355475,768.646001,NEEDHAM,882,27
36916,97.0741625,716.9565396,PENNINGTON,882,27
36919,42.21595833,782.8605714,SILAS,882,27
36921,77.08643333,791.0017215,TOXEY,882,27
36922,93.84369583,716.7305155,WARD,882,27
36925,68.81110417,657.6044339,YORK,1329,38
